plate	sample	acquisition	A_cleavage_1	SN_A_cleavage_1	A_cleavage_2	SN_A_cleavage_2	A_intact	SN_A_intact	B_cleavage_1	SN_B_cleavage_1	B_cleavage_2	SN_B_cleavage_2	B_intact	SN_B_intact	E_cleavage_1	SN_E_cleavage_1	E_cleavage_2	SN_E_cleavage_2	E_intact	SN_E_intact	F_cleavage_1	SN_F_cleavage_1	F_cleavage_2	SN_F_cleavage_2	F_intact	SN_F_intact	F5_cleavage_1	SN_F5_cleavage_1	F5_cleavage_2	SN_F5_cleavage_2	F5_intact	SN_F5_intact
164245	559	1	.	.	.	.	.	.	1759.1057131642449	12.542086905563796	.	.	.	.	.	.	.	.	3617.7995565647561	336.57768106701928	.	.	3789.3160393280805	14.006960331131992	.	.	.	.	.	.	.	.
164245	Calibrant	1	.	.	.	.	.	.	1761.5303962669643	75.698443483938505	.	.	.	.	.	.	.	.	.	.	.	.	.	.	.	.	.	.	.	.	.	.
164245	Calibrant	2	.	.	.	.	.	.	1761.7760503224379	72.723501762842176	.	.	.	.	.	.	.	.	.	.	.	.	.	.	.	.	.	.	.	.	.	.
164245	NC	1	.	.	.	.	.	.	.	.	.	.	.	.	.	.	.	.	3618.8305328372662	428.68481163049398	.	.	3789.9954621010584	21.309723188251112	.	.	.	.	.	.	.	.
164245	NC	2	.	.	.	.	.	.	.	.	.	.	.	.	.	.	.	.	3618.6608491232437	576.38849570194395	.	.	3789.8143659760649	23.090827651030924	.	.	.	.	.	.	.	.
164245	PC	1	.	.	.	.	.	.	.	.	.	.	.	.	.	.	2503.535651300474	191.32827014590683	3618.7407820571834	523.72343673145645	.	.	3789.6031043052885	19.452347584476353	.	.	.	.	.	.	.	.
164245	PC	2	.	.	.	.	.	.	.	.	.	.	.	.	.	.	2503.5193714683205	150.88603690845031	3618.7390888808113	409.37321915603718	.	.	3790.1472566608127	19.987430604535884	.	.	.	.	.	.	.	.
